id,source_type,subject,title_or_locator,claim_or_coverage,status,reviewed_on,canonical_url,notes
S001,official-code,SharpHound,Official collector source,Current collection methods compared with ASM's SharpHound -c All,primary reviewed; deeper source audit deferred,2026-10-05,https://github.com/SpecterOps/SharpHound,Do not assume AD-Security fork adds features beyond upstream
S002,official-release,SharpHound,Releases,Version/release recency,primary page recorded,2026-10-05,https://github.com/SpecterOps/SharpHound/releases,
S003,official-docs,BloodHound,Release-notes summary,Current BloodHound/SharpHound product changes,primary reviewed,2026-10-05,https://bloodhound.specterops.io/resources/release-notes/summary,
S004,official-code,SharpHound fork,AD-Security fork,Repo age and divergence from upstream,primary reviewed,2026-10-05,https://github.com/AD-Security/SharpHound,Memory note: 125 commits behind; last commit 2024-05-21; verify against page again before final
S005,official-license,SharpHound fork,AD-Security fork LICENSE,GPL-3.0,primary reviewed,2026-10-05,https://github.com/AD-Security/SharpHound/blob/dev/LICENSE,
S006,official-code,AD-Miner,Repository,Local BloodHound graph analysis/report generation,primary reviewed; code audit deferred,2026-10-05,https://github.com/AD-Security/AD_Miner,
S007,official-release,AD-Miner,Releases,Recency/version compatibility,primary page recorded,2026-10-05,https://github.com/AD-Security/AD_Miner/releases,
S008,official-package,Certipy,PyPI certipy-ad,Version 5.1.0 and Python runtime requirement,primary reviewed,2026-10-05,https://pypi.org/project/certipy-ad/,Use only `find` as initial candidate; other commands are out of current safe scope
S009,official-docs,Certipy,Usage wiki,Command surface separates assessment from certificate/identity mutations,primary reviewed,2026-10-05,https://github.com/ly4k/Certipy/wiki/05-%E2%80%90-Usage,
S010,youtube,Certipy,ESC4/ESC7 lab demonstration,Illustrates difference between findings and modification/certificate operations,secondary transcript reviewed,2026-10-05,https://www.youtube.com/watch?v=rEstm6e3Lek,Lab demonstration; not evidence of safe client deployment
S011,official-code,PSPKIAudit,Repository,AD CS audit alternative,primary page recorded; currentness/license to reconfirm,2026-10-05,https://github.com/GhostPack/PSPKIAudit,
S012,official-license,PSPKIAudit,License file,Microsoft Public License noted in earlier review,primary page recorded,2026-10-05,https://github.com/GhostPack/PSPKIAudit/blob/main/License.md,
S013,official-code,BloodHound CE,Current repository and license notice,Current source tree states Apache-2.0 unless a lower-level license applies,primary search result reviewed; source audit deferred,2026-10-05,https://github.com/SpecterOps/BloodHound,Do not confuse with deprecated BloodHound Legacy GPL-3.0
S014,official-release,ZAP,Release 2.17.0,Release/current product baseline,primary page recorded,2026-10-05,https://www.zaproxy.org/docs/desktop/releases/2.17.0/,
S015,official-blog,ZAP,Client Spider recommended (2026-07-06),ZAP recommends Client Spider for modern JS applications,primary reviewed,2026-10-05,https://www.zaproxy.org/blog/2026-07-06-client-spider-now-recommended/,Recommendation/performance claims are vendor statements
S016,official-docs,ZAP,Client Spider guide,Client Spider opens browsers and interacts with app; inspect crawl tasks,primary search result reviewed,2026-10-05,https://www.zaproxy.org/docs/desktop/addons/client-side-integration/spider/,Interactions are not passive; exact safe selector controls still unconfirmed
S017,official-docs,ZAP,Client Spider Automation Framework job,Default scopeCheck=Flexible; maxDuration=0; click actions possible,primary search result reviewed,2026-10-05,https://www.zaproxy.org/docs/desktop/addons/client-side-integration/automation/,Strict scope is required but does not itself prevent in-scope state changes
S018,official-docs,ZAP,Client Side Integration,DOM forms/buttons/inputs are detected by the browser-side integration,primary search result reviewed,2026-10-05,https://www.zaproxy.org/docs/desktop/addons/client-side-integration/,Parent docs page; details referenced in child docs
S019,official-changelog,ZAP,Client add-on changelog,2026 Client Spider improvements/control and earlier feature changes,primary search result reviewed,2026-10-05,https://www.zaproxy.org/docs/addons/client/changelog/,Changelog includes 2026-06 changes; revisit at final version pin
S020,official-docs,ZAP,Traditional Spider Automation job,processForm and postForm default true,primary previously reviewed,2026-10-05,https://www.zaproxy.org/docs/desktop/addons/spider/automation/,Do not call traditional spider non-mutating by default
S021,official-docs,ZAP,Traditional Spider options,Form handling and spider behavior,primary source recorded,2026-10-05,https://www.zaproxy.org/docs/desktop/addons/spider/options/,
S022,official-docs,ZAP,AJAX Spider Automation job,Default random inputs and scope/time behavior,primary search result reviewed,2026-10-05,https://www.zaproxy.org/docs/desktop/addons/ajax-spider/automation/,Default randomInputs=true in job documentation
S023,official-docs,ZAP,AJAX Spider options,Clicks links/buttons/inputs; can insert random form values; scope options,primary search result reviewed,2026-10-05,https://www.zaproxy.org/docs/desktop/addons/ajax-spider/options/,Legacy option page; not a recommended safe mode
S024,official-docs,ZAP,Automation Framework overview,Authentication methods and available jobs,primary search result reviewed,2026-10-05,https://www.zaproxy.org/docs/automate/automation-framework/,Open framework is highly configurable; not itself a safety boundary
S025,official-docs,ZAP,Automation activeScan job,Active tests are attacks and must remain disabled until approved,primary source locator,2026-10-05,https://www.zaproxy.org/docs/desktop/addons/automation-framework/job-ascan/,Confirm current job schema and policy semantics before any future profile
S026,official-docs,ZAP,Automation requestor job,Arbitrary HTTP request method/body can be supplied,primary source locator,2026-10-05,https://www.zaproxy.org/docs/desktop/addons/automation-framework/job-requestor/,Potential bypass if agent can write/choose arbitrary YAML
S027,official-docs,ZAP,OpenAPI add-on,Import OpenAPI definitions and create requests,primary source locator,2026-10-05,https://www.zaproxy.org/docs/desktop/addons/openapi/,Imported endpoints still need scope and method policy
S028,youtube,ZAP,Authentication tutorial,Historical auth workflow only,secondary transcript reviewed,2026-10-05,https://www.youtube.com/watch?v=cR4KVXnFmA0,2013 material; not current product evidence
S029,forum,ZAP,ZAP users Google Groups thread,2023 report: AJAX Spider missed URLs in Juice Shop despite authentication,secondary forum reviewed,2026-10-05,https://groups.google.com/g/zaproxy-users/c/HcJFtY_Txgw,Single user report; not general performance evidence
S030,official-docs,Greenbone,GVM Community Containers,Distributed local container architecture and persistence volumes,primary search result reviewed,2026-10-05,https://greenbone.github.io/docs/latest/22.4/container/index.html,Docs label release 22.4; Windows/WSL support not guaranteed
S031,official-docs,Greenbone,Hardware requirements,Minimum 2 CPU/4GB/20GB; recommended 4 CPU/8GB/60GB,primary search result reviewed,2026-10-05,https://greenbone.github.io/docs/latest/22.4/source-build/hardware.html,Requirements fit disk allowance but actual feed/storage must be measured
S032,official-docs,Greenbone,Feed synchronization,Community Feed sync and local loading behavior,primary search result reviewed,2026-10-05,https://greenbone.github.io/docs/latest/22.4/source-build/feed-sync.html,
S033,official-docs,Greenbone,Container feed workflow,Initial sync/load can take minutes to hours; incomplete feeds yield incomplete results,primary search result reviewed,2026-10-05,https://greenbone.github.io/docs/latest/22.4/container/workflows.html,
S034,official-docs,Greenbone,Architecture,Community Edition components and Community Feed,primary search result reviewed,2026-10-05,https://greenbone.github.io/docs/latest/architecture.html,License components and feeds separately
S035,official-docs,Greenbone,Glossary,Community Feed described as freely available/open-source licensed feed,primary search result reviewed,2026-10-05,https://greenbone.github.io/docs/latest/glossary.html,Still verify per-component licensing for distribution/use
